{
  "name": "bootbox.js",
  "version": "4.1.0",
  "main": "./bootbox.js",
  "ignore": [
    "**/.js",
    "**/.txt",
    "build",
    "tests"
  ],
  "dependencies": {
    "bootstrap": ">= 3.0.0"
  },
  "homepage": "https://github.com/makeusabrew/bootbox",
  "_release": "4.1.0",
  "_resolution": {
    "type": "version",
    "tag": "v4.1.0",
    "commit": "2bfff7bfe11da23e7838fdc2dc56c4674b219102"
  },
  "_source": "git://github.com/makeusabrew/bootbox.git",
  "_target": "4.1.0",
  "_originalSource": "bootbox"
}