{
  "name": "jcarousel",
  "title": "jCarousel",
  "description": "jCarousel is a jQuery plugin for controlling a list of items in horizontal or vertical order. It provides a full-featured and flexible toolset for navigating any HTML based content in a carousel-like fashion.",
  "version": "0.3.0",
  "homepage": "http://sorgalla.com/jcarousel",
  "author": {
    "name": "Jan Sorgalla",
    "url": "http://sorgalla.com"
  },
  "repository": {
    "type": "git",
    "url": "https://github.com/jsor/jcarousel.git"
  },
  "bugs": "https://github.com/jsor/jcarousel/issues",
  "licenses": [
    {
      "type": "MIT",
      "url": "https://raw.github.com/jsor/jcarousel/master/LICENSE"
    }
  ],
  "docs": "http://sorgalla.com/jcarousel/docs",
  "dependencies": {
    "jquery": ">=1.7"
  },
  "keywords": [
    "carousel",
    "slider",
    "slideshow",
    "animation"
  ]
}
